2023-08-29T17:50:25.905Z;spetushkou;[package-install]: initialize a remote git repo done
2023-08-31T09:04:49.505Z;spetushkou;[package-install]: initialize a remote git repo done
2023-08-31T09:09:45.821Z;spetushkou;[package-install]: initialize a remote git repo done
2023-08-31T09:15:16.770Z;spetushkou;[package-install]: initialize a remote git repo done
2023-08-31T09:21:19.985Z;spetushkou;[package-install]: initialize a remote git repo done
2023-08-31T09:22:54.170Z;spetushkou;[package-install]: initialize a remote git repo done
2023-08-31T09:39:08.577Z;spetushkou;[package-init]: prepare local project done
2023-08-31T09:39:08.582Z;spetushkou;[package-init]: initialize package.json done
2023-08-31T09:39:08.586Z;spetushkou;[package-init]: npm install done
2023-08-31T09:39:08.588Z;spetushkou;[package-init]: initialize CHANGELOG.md done
2023-08-31T09:39:08.591Z;spetushkou;[package-init]: initialize TODO done
2023-08-31T09:39:08.594Z;spetushkou;[package-init]: initialize README.md done
2023-08-31T09:39:12.470Z;spetushkou;[package-init]: initialize a remote git repo done
2023-08-31T09:39:15.913Z;spetushkou;[package-init]: initialize a local git repo done
